Название конспекта,Тема,Link
Neovim,,
Docker,,
Javascript,,"JavaScript оглавление (JavaScript%20c22f2bb98ceb40de9dab6893a638e9a7/JavaScript%20%D0%BE%D0%B3%D0%BB%D0%B0%D0%B2%D0%BB%D0%B5%D0%BD%D0%B8%D0%B5%20e68b05cc78d04db19b4d7062fb21b17a.csv) "
React,,
Redux,,
Основные модели программирования,,
SQL,,
Как учиться эффективней,,
Подготовка к собеседованию,,
Next JS,,
Инфраструктура,,
Vue js,,
Тестирование,,
Git,,
Алгоритмы,,
Node JS,,
Typescript,,
JavaScript Оглавление,,
Типы данных,,